concept,label,identifier,,source,citation
"""Aligned"" LFW",aligned lwf,aligned_lwf,a version of the LFW image set that has been adjusted to center the facial features in the image,http://vis-www.cs.umass.edu/lfw/,"“Labeled Faces in the Wild Home,” LFW : Results. [Online]. Available: http://vis-www.cs.umass.edu/lfw/. [Accessed: 06-Oct-2018]."
Actvity,actvity,actvity,something that occurs over a period of time and acts upon or with entities,,PROV-O: The PROV Ontology. [Online]. Available: https://www.w3.org/TR/prov-o/#Activity. [Accessed: 02-Nov-2018].
Additional Face(s),additional face(s),additional_faces,face(s) in the photo other than the primary subject of the photo,http://vis-www.cs.umass.edu/lfw/,"E. Learned-Miller, G. B. Huang, A. RoyChowdhury, H. Li, and G. Hua, “Labeled faces in the wild: A survey,” in Advances in face detection and facial image analysis. Springer, 2016, pp. 189–248."
Adult,adult,adult,person from age 18 to 44 years old,,"N. Geifman and E. Rubin, “The Age-Phenome Knowledgebase: an example to handling ab-straction and expressiveness in a knowledge domain.”"
Age,age,age,the estimated age in years of the individual in the photo,http://vis-www.cs.umass.edu/lfw/,"E. Learned-Miller, G. B. Huang, A. RoyChowdhury, H. Li, and G. Hua, “Labeled faces in the wild: A survey,” in Advances in face detection and facial image analysis. Springer, 2016, pp. 189–248."
Age Range,age range,age_range,"the space or extent included, covered, or used to describe age",https://www.merriam-webster.com/dictionary/range,"“Range,” Merriam-Webster. [Online]. Available: https://www.merriam-webster.com/dictionary/range. [Accessed: 19-Nov-2018]."
Alignment,alignment,alignment,arrangment in correct or appropriate relative positions,,"“alignment | Definition of alignment in English by Oxford Dictionaries,” Oxford Dictionaries | English. [Online]. Available: https://en.oxforddictionaries.com/definition/alignment. [Accessed: 06-Oct-2018]."
Arched Eyebrows,arched eyebrows,arched_eyebrows,eyebrows that are in the form of arches,,"“arched| Definition of wavy in English by Oxford Dictionaries,” Oxford Dictionaries | English. [Online]. Available: https://en.oxforddictionaries.com/definition/arched. [Accessed: 13-Oct-2018]."
Asian,asian,asian,"categorized as ""Asian"" by the LFW tags",,
Attractive Man,attractive man,attractive_man,"a man whose face adheres to scientific beauty standards (golden ratio, horizontal face symmetry)",,
Attractive Woman,attractive woman,attractive_woman,"a woman whose face adheres to scientific beauty standards (golden ratio, horizontal face symmetry)",,
Attractiveness,attractiveness,attractiveness,"whether or not a person's face adheres to scientific beauty standards (golden ratio, horizontal face symmetry)",,"N. Kumar, A. Berg, P. N. Belhumeur, and S. Nayar, “Describable visual attributes for face verification and image search,” IEEE Transactions on Pattern Analysis and Machine Intelligence, vol. 33, no. 10, pp. 1962–1977, 2011."
Auicle Occlusion,auricle occlusion,auricle_occlusion,occlusion of the ears,,"“Facial Region,” The Free Dictionary. [Online]. Available: https://medical-dictionary.thefreedictionary.com/facial region. [Accessed: 03-Nov-2018]."
Baby,baby,baby,person from age 0 to 1 years old,,"N. Geifman and E. Rubin, “The Age-Phenome Knowledgebase: an example to handling ab-straction and expressiveness in a knowledge domain.”"
Bagginess,bagginess,bagginess,mild swelling or puffiness under the eyes,https://www.mayoclinic.org/diseases-conditions/bags-under-eyes/symptoms-causes/syc-20369927,"“Bags under eyes,” Mayo Clinic, 26-Jan-2018. [Online]. Available: https://www.mayoclinic.org/diseases-conditions/bags-under-eyes/symptoms-causes/syc-20369927. [Accessed: 09-Nov-2018]."
Balanced Lighting Variation,balanced lighting varation,balanced_lighting_varation,both small light source in close proximity relative to the subject and large light source in distant proximity relative to the subject,,
Bald,balding,balding,having a scalp wholly lacking hair,,"“bald| Definition of wavy in English by Oxford Dictionaries,” Oxford Dictionaries | English. [Online]. Available: https://en.oxforddictionaries.com/definition/bald. [Accessed: 13-Oct-2018]."
Balding,balding,balding,baldness typically appears first at the hairline or top of the head,https://www.mayoclinic.org/diseases-conditions/hair-loss/multimedia/male-pattern-baldness/img-20005838,"“Male-pattern baldness,” Mayo Clinic. [Online]. Available: https://www.mayoclinic.org/diseases-conditions/hair-loss/multimedia/male-pattern-baldness/img-20005838. [Accessed: 09-Nov-2018]."
Bangs,bangs,bangs,whether or not person has hair covering their forehead,,
Beard,beard,beard,growth of hair on the chin and lower cheeks of a man's face,,"“beard | Definition of beard in English by Oxford Dictionaries,” Oxford Dictionaries | English. [Online]. Available: https://en.oxforddictionaries.com/definition/beard. [Accessed: 13-Oct-2018]."
Big,big,big,"large or great in dimensions, bulk, or extent",https://www.merriam-webster.com/dictionary/big,"“Big,” Merriam-Webster. [Online]. Available: https://www.merriam-webster.com/dictionary/big. [Accessed: 09-Nov-2018]."
Big Lips,big lips,big_lips,the subject has big lips,,
Black,black,black,"categorized as ""Black"" by the LFW tags",,
Black and White Image,black and white image,black_and_white_image,"an image having, showing, or producing pictures that do not have colors except for black, white, and shades of gray",,"“Black-and-white,” Merriam-Webster. [Online]. Available: https://www.merriam-webster.com/dictionary/black-and-white. [Accessed: 19-Nov-2018]."
Black Hair,black hair,black_hair,black hair,,N/A
Blond Hair,blond hair,blond_hair,fair or pale yellow hair,,"“blonde| Definition of wavy in English by Oxford Dictionaries,” Oxford Dictionaries | English. [Online]. Available: https://en.oxforddictionaries.com/definition/blonde. [Accessed: 13-Oct-2018]."
Blurry Image Fidelity,blurry image fidelity,blurry_image_fidelity,lower quality image showing signs of visible distortion or information loss,,"D. Silverstein and J. Farrell, “The relationship between image fidelity and image quality,” Proceedings of 3rd IEEE International Conference on Image Processing."
Brown,brown,brown,"any of a group of colors between red and yellow in hue, of medium to low lightness, and of moderate to low saturation",https://www.merriam-webster.com/dictionary/brown,"“Brown,” Merriam-Webster. [Online]. Available: https://www.merriam-webster.com/dictionary/brown. [Accessed: 09-Nov-2018]."
Brown hair,brown hair,brown_hair,brown hair,,N/A
BuccalOcclusion,buccal occlusion,buccal_occlusion,occlusion of the cheeks,,"“Facial Region,” The Free Dictionary. [Online]. Available: https://medical-dictionary.thefreedictionary.com/facial region. [Accessed: 03-Nov-2018]."
Bushy eyebrows,bushy eyebrows,bushy_eyebrows,eyebrows that are growing thickly,,"“bushy| Definition of wavy in English by Oxford Dictionaries,” Oxford Dictionaries | English. [Online]. Available: https://en.oxforddictionaries.com/definition/bushy. [Accessed: 13-Oct-2018]."
Candid Photo,candid photo,candid_photo,a photo in which the subject is acting naturally or spontaneously ,https://www.merriam-webster.com/dictionary/candid,"“Candid,” Merriam-Webster. [Online]. Available: https://www.merriam-webster.com/dictionary/candid. [Accessed: 19-Nov-2018]."
Canonical Pose,canonical pose,canonical_pose,pose that is accepted as accurate and authoratative,,"“canonical | Definition of canonical in English by Oxford Dictionaries,” Oxford Dictionaries | English. [Online]. Available: https://en.oxforddictionaries.com/definition/canonical. [Accessed: 06-Oct-2018]."
Cascaded Convolutional Nueral Network,cascaded convolutional nueral network,cascaded_convolutional_neural_network,"convoluted nueral network that rejects false detections at the early, low resolution stages of execution and carefully verifies detections at the later, higher resolution stages",,"H. Li, Z. Lin, X. Shen, J. Brant, and G. Hua, “A Convolutional Neural Network Cascade for Face Detection.”"
CervicalOcclusion,cervical occlusion,cervical_occlusion,occlusion of the neck,,"“Facial Region,” The Free Dictionary. [Online]. Available: https://medical-dictionary.thefreedictionary.com/facial region. [Accessed: 03-Nov-2018]."
Cheek Feature,cheek feature,cheek_feature,feature of the fleshy side of the face below the eye and above and to the side of the mouth,https://www.merriam-webster.com/dictionary/cheek,"“Cheek,” Merriam-Webster. [Online]. Available: https://www.merriam-webster.com/dictionary/cheek. [Accessed: 09-Nov-2018]."
Child,child,child,person from age 1 to 5 years old,,"N. Geifman and E. Rubin, “The Age-Phenome Knowledgebase: an example to handling ab-straction and expressiveness in a knowledge domain.”"
Chin Feature,chin feature,chin_feature,feature of the lower portion of the face lying below the lower lip and including the prominence of the lower jaw,https://www.merriam-webster.com/dictionary/chin,"“Chin,” Merriam-Webster. [Online]. Available: https://www.merriam-webster.com/dictionary/chin. [Accessed: 09-Nov-2018]."
Chubby,chubby,chubby,"categorized as ""chubby"" by the LFW tags",,
Color,color,color,"a phenomenon of light (such as red, brown, pink, or gray) or visual perception that enables one to differentiate otherwise identical objects",,
Color Image,color image,color_image,an image produces useing media capable of reproducing colors,,"“Color photography,” Wikipedia, 19-Nov-2018. [Online]. Available: https://en.wikipedia.org/wiki/Color_photography. [Accessed: 19-Nov-2018]."
Convolutional Layer,convolutional layer,convolutional_layer,performs the convolution operation using a learned filter,,"D. Cornelisse, “An intuitive guide to Convolutional Neural Networks,” freeCodeCamp.org,
24-Apr-2018. [Online]. Available: 
https://medium.freecodecamp.org/an-intuitive-guide-to-convolutional-neural-networks-260c2de0a050.
[Accessed: 18-Oct-2018]. "
Convolutional Neural Network,convolutional neural network,convolutional_neural_network,a neural network that has one or more layers of learned weighted filters,,CS231n Convolutional Neural Networks for Visual Recognition. [Online]. Available: http://cs231n.github.io/convolutional-networks/. [Accessed: 06-Oct-2018].
CranialOcclusion,cranial occlusion,cranial_occlusion,"occlusion of the top of the head, above the ears",,"“Facial Region,” The Free Dictionary. [Online]. Available: https://medical-dictionary.thefreedictionary.com/facial region. [Accessed: 03-Nov-2018]."
Curly Hair,curly hair,curly_hair,hair that is arranged in curls or curves,,"“curly | Definition of curly in English by Oxford Dictionaries,” Oxford Dictionaries | English. [Online]. Available: https://en.oxforddictionaries.com/definition/curly. [Accessed: 18-Oct-2018]."
Data Sample,data sample,data_sample,basic unit of data consumed by a machine learning model containing data features and a groundtruth label,,"10153068920222172, “About Train, Validation and Test Sets in Machine Learning,” Towards Data Science, 06-Dec-2017. [Online]. Available: https://towardsdatascience.com/train-validation-and-test-sets-72cb40cba9e7. [Accessed: 06-Oct-2018]."
Data Set,data set,,"collection of data samples used to train, validate, and test a machine learning model",,"10153068920222172, “About Train, Validation and Test Sets in Machine Learning,” Towards Data Science, 06-Dec-2017. [Online]. Available: https://towardsdatascience.com/train-validation-and-test-sets-72cb40cba9e7. [Accessed: 06-Oct-2018]."
Deep Congealing,deep congealing,deep_congealing,a combination of unsupervised image alignment and unsupervised feature learning that utilizes deep learning,,"S. Garner, “Learning to Program from Scratch,” 2009 Ninth IEEE International Conference on Advanced Learning Technologies, 2009."
Deep-funneled LFW,deep-funneled lfw,deep_funneled_lfw,an aligned LFW dataset aligned using unsupervised joint alignment combined with unsupervised feature learning,http://vis-www.cs.umass.edu/papers/nips2012_deep_congealing.pdf (See references for actual citation),"G. B. Huang, M. Mattar, H. Lee, and E. Learned-Miller, “Learning to align
from scratch,” in
NIPS, 2012."
Demographic,demographic,demographic,statistical data relating to the population and particular groups within it,,"“demographics| Definition of wavy in English by Oxford Dictionaries,” Oxford Dictionaries | English. [Online]. Available: https://en.oxforddictionaries.com/definition/demographics. [Accessed: 28-Oct-2018]."
Depicted Background,depicted background,depicted_background,"the ground or parts, as of a scene, situated in the rear",,
Different person,identity,identity,whether or not two images depict the same person,,
Discriminative Model,discriminative model,discriminative_model,collection of learned patterns used to discriminate which of several groups something belongs to,https://ai.stanford.edu/~ang/papers/nips01-discriminativegenerative.pdf,
Double Chin,double chin,double_chin,a fleshy or fatty fold under the chin,https://www.merriam-webster.com/dictionary/double%20chin,"“Double Chin,” Merriam-Webster. [Online]. Available: https://www.merriam-webster.com/dictionary/double chin. [Accessed: 09-Nov-2018]."
Earring,earring,earring,piece of jewellery worn on the lobe or edge of the ear,,"“earring| Definition of wavy in English by Oxford Dictionaries,” Oxford Dictionaries | English. [Online]. Available: https://en.oxforddictionaries.com/definition/earring. [Accessed: 13-Oct-2018]."
Engineered Features,engineered features,engineered_features,features manually developed by a programmer,,"F. Schroff, D. Kalenichenko, and J. Philbin, “Facenet: A unified embedding for face recognition and clustering,” in Proceedings of the IEEE conference on computer vision and pattern recognition , 2015, pp. 815–823."
Environment,environment,environment,a string that describes the setting in which a photo of an individual was taken,http://vis-www.cs.umass.edu/lfw/,"E. Learned-Miller, G. B. Huang, A. RoyChowdhury, H. Li, and G. Hua, “Labeled faces in the wild: A survey,” in Advances in face detection and facial image analysis. Springer, 2016, pp. 189–248."
Ethnicity,ethnicity,ethnicity,the ethnicity of the individual in the photo,http://vis-www.cs.umass.edu/lfw/,"E. Learned-Miller, G. B. Huang, A. RoyChowdhury, H. Li, and G. Hua, “Labeled faces in the wild: A survey,” in Advances in face detection and facial image analysis. Springer, 2016, pp. 189–248."
Expression variation,expression variation,expression_variation,the range of facial states that humans exhibt,,"“What are 7 Universal Facial Expressions? An Introduction to the Science.,” EIA Group (UK), 18-May-2018. [Online]. Available: https://www.eiagroup.com/2018/04/16/facial-expressions-explored/. [Accessed: 06-Oct-2018]."
Eye,eye,eye,"a specialized light-sensitive sensory structure of animals that in nearly all vertebrates, most arthropods, and some mollusks is the image-forming organ of sight",https://www.merriam-webster.com/dictionary/eye,"“Eye,” Merriam-Webster. [Online]. Available: https://www.merriam-webster.com/dictionary/eye. [Accessed: 09-Nov-2018]."
Eye Color,eye color,eye_color,the color of an eye,http://vis-www.cs.umass.edu/lfw/,"E. Learned-Miller, G. B. Huang, A. RoyChowdhury, H. Li, and G. Hua, “Labeled faces in the wild: A survey,” in Advances in face detection and facial image analysis. Springer, 2016, pp. 189–248."
Eye Feature,eye feature,eye_feature,"a feaure of the specialized light-sensitive sensory structure of animals that in nearly all vertebrates, most arthropods, and some mollusks is the image-forming organ of sight",https://www.merriam-webster.com/dictionary/eye,"“Eye,” Merriam-Webster. [Online]. Available: https://www.merriam-webster.com/dictionary/eye. [Accessed: 09-Nov-2018]."
Eye Shape,eye shape,eye_shape,the shape of the subject's eyes,,
Eyebrow,eyebrow,eyebrow,the ridge over the eye or the hair growing usually in a line or arch on the skin over it,https://www.merriam-webster.com/dictionary/eyebrow,"“Eyebrow,” Merriam-Webster. [Online]. Available: https://www.merriam-webster.com/dictionary/eyebrow. [Accessed: 09-Nov-2018]."
Eyebrow Thickness,eyebrow thickness,eyebrow_thickness,the thickness of the eyebrows belonging to the individual in the photo,http://vis-www.cs.umass.edu/lfw/,"E. Learned-Miller, G. B. Huang, A. RoyChowdhury, H. Li, and G. Hua, “Labeled faces in the wild: A survey,” in Advances in face detection and facial image analysis. Springer, 2016, pp. 189–248."
Eyebrow Type,eyebrow type,eyebrow_type,the features of a person's eyebrows,,
Eyeglasses,eyeglasses,eyeglasses,set of two lenses for correcting or assisting defective eyesight,,"“eyeglass| Definition of wavy in English by Oxford Dictionaries,” Oxford Dictionaries | English. [Online]. Available: https://en.oxforddictionaries.com/definition/eyeglass. [Accessed: 19-Oct-2018]."
Eyewear,eyewear,eyewear,things worn on the eyes,,"“eyewear| Definition of wavy in English by Oxford Dictionaries,” Oxford Dictionaries | English. [Online]. Available: https://en.oxforddictionaries.com/definition/eyewear. [Accessed: 13-Oct-2018]."
Face,face,face,"the front of a animal's head that features the eyes, nose, and mouth",https://en.wikipedia.org/wiki/Face,"“Face,” Wikipedia, 16-Aug-2018. [Online]. Available: https://en.wikipedia.org/wiki/Face. [Accessed: 06-Oct-2018]."
Face Shape,face shape,face_shape,The shape of the subject's face,,
Facial Expression,facial expression,facial_expression,the expression the subject is making in the photo,,
Facial Feature,facial feature,facial_feature,"a feature of the front of a animal's head that features the eyes, nose, and mouth",https://en.wikipedia.org/wiki/Face,"“Face,” Wikipedia, 16-Aug-2018. [Online]. Available: https://en.wikipedia.org/wiki/Face. [Accessed: 06-Oct-2018]."
Facial hair,facial hair,,hair on a person's face,,
Facial hair type,facial hair type,facial_hair_type,a person's facial hair or lack thereof,,
Female,female,female,"categorized as ""female"" by the LFW tags",,
Feminine,feminine,feminine,characteristic of or appropriate or unique to women,https://www.merriam-webster.com/dictionary/feminine,"“Feminine,” Merriam-Webster. [Online]. Available: https://www.merriam-webster.com/dictionary/feminine. [Accessed: 09-Nov-2018]."
Fforehead Visiblity,fforehead visiblity,fforehead_visiblity,amount of the subject's forehead that can be seen in the photo,,
File Extension,file extension,file_extension,the extension of the image file,,
Filepath,filepath,filepath,the absolute filepath of the image file on a local filesystem,,
Finish,finish,finish,the final treatment or coating of a surface,https://www.merriam-webster.com/dictionary/finish,"“Finish,” Merriam-Webster. [Online]. Available: https://www.merriam-webster.com/dictionary/finish. [Accessed: 09-Nov-2018]."
Five OClock shadow,five oclock shadow,five_oclock_shadow,dark stubble that appears on a man's face some hours after shaving,,"“Five o'clock shadow,” Dictionary.com. [Online]. Available: https://www.dictionary.com/browse/five-o-clock-shadow. [Accessed: 13-Oct-2018]."
Flash Lighting Variation,flash lighting variation,flask_lighting_variation,whether or not the system classifies a photo as using camera flash to illuminate the subject,http://vis-www.cs.umass.edu/lfw/,"E. Learned-Miller, G. B. Huang, A. RoyChowdhury, H. Li, and G. Hua, “Labeled faces in the wild: A survey,” in Advances in face detection and facial image analysis. Springer, 2016, pp. 189–248."
Flushed,flushed,flushed,excited or elated by something,,
Flushed Skin,flushed skin,flushed_skin,skin that is flushed as labeled by LFW,,
frma:fidelityDescribedBy,fidelity described by,fidelity_described_by,the fidelity of this image,,
frma:lightingDescribedBy,lighting described by,lighting_described_by,the lighting characteristics of this image,,
FrontalOcclusion,frontal occlusion,frontal_occlusion,occlusion of the forehead,,"“Facial Region,” The Free Dictionary. [Online]. Available: https://medical-dictionary.thefreedictionary.com/facial region. [Accessed: 03-Nov-2018]."
Frowning,frowning,frowning,the subject's mouth is in the shape of a frown,,
Fully Connected Layer,fully connected layer,fully_connected_layer,summation across the products of the learned bias and the previous layer passed through an activation function,,"D. Cornelisse, “An intuitive guide to Convolutional Neural Networks,” freeCodeCamp.org,
24-Apr-2018. [Online]. Available: 
https://medium.freecodecamp.org/an-intuitive-guide-to-convolutional-neural-networks-260c2de0a050.
[Accessed: 18-Oct-2018]. "
Fully Visible Forehead,fully visible forehead,fully_visible_forehead,the subject's forehead is fully visible in the photo,,
Funneled LFW data set,funneled lfw data set,funneled_lfw_data_set,an aligned LFW dataset aligned using unsupervised joint alignment ,,"G. B. Huang, V. Jain, and E. Learned-Miller, “Unsupervised joint alignment
of complex images,” in
ICCV, 2007."
Gender,gender,gender,whether a person is male or female,,"N. Kumar, A. Berg, P. N. Belhumeur, and S. Nayar, “Describable visual attributes for face verification and image search,” IEEE Transactions on Pattern Analysis and Machine Intelligence, vol. 33, no. 10, pp. 1962–1977, 2011."
Gender Expression,gender expression,gender_expression,the physical and behavioral manifestations of one's gener identity,,"TWed Talk: Katie Chastain on ""Breaking the Gender Schema"" (6p, 24 Oct), 24-Oct-2018. [Online]. Available: https://www.youtube.com/watch?v=OQsXqJBZ3mQ. [Accessed: 28-Oct-2018]."
Glasses,glasses,glasses,a device used to correct defects of vision or to protect the eyes that consists typically of a pair of glass or plastic lenses and the frame by which they are held in place,https://www.merriam-webster.com/dictionary/glasses,"“Glasses,” Merriam-Webster. [Online]. Available: https://www.merriam-webster.com/dictionary/glasses. [Accessed: 09-Nov-2018]."
Goatee,goatee,goatee,small pointed beard like that of a goat,,"“goatee| Definition of wavy in English by Oxford Dictionaries,” Oxford Dictionaries | English. [Online]. Available: https://en.oxforddictionaries.com/definition/goatee. [Accessed: 13-Oct-2018]."
Gray hair,gray hair,gray_hair,gray hair,,N/A
Hair,hair,,fine threadlike strands growing from a person's skin,,"“hair | Definition of hair in English by Oxford Dictionaries,” Oxford Dictionaries | English. [Online]. Available: https://en.oxforddictionaries.com/definition/hair. [Accessed: 18-Oct-2018]."
Hair Color,hair color,hair_color,the color of a person's hair,,"N. Kumar, A. Berg, P. N. Belhumeur, and S. Nayar, “Describable visual attributes for face verification and image search,” IEEE Transactions on Pattern Analysis and Machine Intelligence, vol. 33, no. 10, pp. 1962–1977, 2011."
Hair Texture,hair texture,hair_texture,the visual or tactile surface characteristics and appearance of hair,https://www.merriam-webster.com/dictionary/texture,"“Texture,” Merriam-Webster. [Online]. Available: https://www.merriam-webster.com/dictionary/texture. [Accessed: 09-Nov-2018]."
Haircut,haircut,haircut,a way of wearing the hair,https://www.merriam-webster.com/dictionary/hairdo,"“Hairdo,” Merriam-Webster. [Online]. Available: https://www.merriam-webster.com/dictionary/hairdo. [Accessed: 09-Nov-2018]."
Harsh Lighting Variation,harsh lighting variation,harsh_lighting_variation,small light source in close proximity relative to the subject,https://en.wikipedia.org/wiki/Hard_and_soft_light,"“Hard and soft light,” Wikipedia, 04-Nov-2018. [Online]. Available: https://en.wikipedia.org/wiki/Hard_and_soft_light. [Accessed: 19-Nov-2018]."
has,has,has,"possesses, owns, or holds",,"“have | Definition of have in English by Oxford Dictionaries,” Oxford Dictionaries | English. [Online]. Available: https://en.oxforddictionaries.com/definition/have. [Accessed: 20-Oct-2018]."
hasActivationFunction,has activation function,has_activation_function,links a fully connected layer to the activation function used by the neurons,,"F. Schroff, D. Kalenichenko, and J. Philbin, “Facenet: A unified embedding for face recognition and clustering,” in Proceedings of the IEEE conference on computer vision and pattern recognition , 2015, pp. 815–823."
hasColor,has color,has_color,relates an object to its color,,
hasDemographic,has demographic,has_demographic,relates the demograophic properties to a person who exhibts them,,
hasDimension,has dimension,has_dimension,the number of functions with a layer,,"F. Schroff, D. Kalenichenko, and J. Philbin, “Facenet: A unified embedding for face recognition and clustering,” in Proceedings of the IEEE conference on computer vision and pattern recognition , 2015, pp. 815–823."
hasFeature,hasfeature,hasfeature,links an entity to the data characteristics,,"F. Schroff, D. Kalenichenko, and J. Philbin, “Facenet: A unified embedding for face recognition and clustering,” in Proceedings of the IEEE conference on computer vision and pattern recognition , 2015, pp. 815–823."
hasIndex,has index,has_index,the position of the layer in the model,,"F. Schroff, D. Kalenichenko, and J. Philbin, “Facenet: A unified embedding for face recognition and clustering,” in Proceedings of the IEEE conference on computer vision and pattern recognition , 2015, pp. 815–823."
hasMatrixSizeX,has matrix size x,has_matrix_size_x,the number of columns in a matrix,,"F. Schroff, D. Kalenichenko, and J. Philbin, “Facenet: A unified embedding for face recognition and clustering,” in Proceedings of the IEEE conference on computer vision and pattern recognition , 2015, pp. 815–823."
hasMatrixSizeY,has matrix size x,has_matrix_size_x,the number of rows in a matrix,,"F. Schroff, D. Kalenichenko, and J. Philbin, “Facenet: A unified embedding for face recognition and clustering,” in Proceedings of the IEEE conference on computer vision and pattern recognition , 2015, pp. 815–823."
hasOcclusion,has occlusion,has_occlusion,the state of an image being affected by some occlusion,https://www.merriam-webster.com/dictionary/occlusion,"“Occlusion,” Merriam-Webster. [Online]. Available: https://www.merriam-webster.com/dictionary/occlusion. [Accessed: 19-Nov-2018]."
hasPoolingFunction,has pooling function,has_pooling_function,links a pooling layer to the pooling function used by the neurons,,"F. Schroff, D. Kalenichenko, and J. Philbin, “Facenet: A unified embedding for face recognition and clustering,” in Proceedings of the IEEE conference on computer vision and pattern recognition , 2015, pp. 815–823."
hasRBG,has rgb,has_rgb,"if an image can be expressed using three-color model using red, green, and blue light",https://www.merriam-webster.com/dictionary/RGB,"“Rgb,” Merriam-Webster. [Online]. Available: https://www.merriam-webster.com/dictionary/RGB. [Accessed: 19-Nov-2018]."
hasSize,has size,has_size,relates an object to a description of its size,,
hasSize,has size,has_size,relates an object to its size,,
hasStrongMouthNoseLines,has strong mouth nose lines,has_strong_mouth_nose_lines,the subject's nose mouth lines are highly visible,,
hasVisualFeature,has visual feature,has_visual_feature,relates a visual feature to the object exhibiting it,,
Hat,hat,hat,shaped covering for the head,,"“hat| Definition of wavy in English by Oxford Dictionaries,” Oxford Dictionaries | English. [Online]. Available: https://en.oxforddictionaries.com/definition/hat. [Accessed: 13-Oct-2018]."
Head Hair,Head Hair,,hair on a person's head,,
Head Hair Type,head hair type,head_hair_type,a person's head hair or lack thereof,,
Headwear,headwear,headwear,items worn on the head,,"“headwear| Definition of wavy in English by Oxford Dictionaries,” Oxford Dictionaries | English. [Online]. Available: https://en.oxforddictionaries.com/definition/headwear. [Accessed: 13-Oct-2018]."
Heavy Makeup,heavy makeup,heavy_makeup,great density of makeup,,"“heavy| Definition of wavy in English by Oxford Dictionaries,” Oxford Dictionaries | English. [Online]. Available: https://en.oxforddictionaries.com/definition/heavy. [Accessed: 13-Oct-2018]."
High Cheekbone,high cheekbone,high_cheekbone,a high prominence below the eye that is formed by the zygomatic bone,https://www.merriam-webster.com/dictionary/cheekbone,"“Cheekbone,” Merriam-Webster. [Online]. Available: https://www.merriam-webster.com/dictionary/cheekbone. [Accessed: 09-Nov-2018]."
Image Fidelity,image fidelity,image_fidelity,the measurable quality of an image,,
Image ID,image id,image_id,the unique identifier of the image,,
Image Quality,image quality,image_quality,"how defined the image is in terms of pixels(low, medium, high)",,"N. Kumar, A. Berg, P. N. Belhumeur, and S. Nayar, “Describable visual attributes for face verification and image search,” IEEE Transactions on Pattern Analysis and Machine Intelligence, vol. 33, no. 10, pp. 1962–1977, 2011."
Image-Restricted no outside data,image-restricted no outside data,image_restricted_no_outside_data,the LFW data set with image pairs that have been tagged with same/different person but no outside data,"“Results,” LFW : Results. [Online]. Available: http://vis-www.cs.umass.edu/lfw/results.html. [Accessed: 06-Oct-2018].","“Results,” LFW : Results. [Online]. Available: http://vis-www.cs.umass.edu/lfw/results.html. [Accessed: 06-Oct-2018]."
Inception Layer,inception layer,inception_layer,perfroms multiple convolutions and pooling operations in parallel,,"F. Schroff, D. Kalenichenko, and J. Philbin, “Facenet: A unified embedding for face recognition and clustering,” in Proceedings of the IEEE conference on computer vision and pattern recognition , 2015, pp. 815–823."
Indian,indian,indian,"categorized as ""Indian"" by the LFW tags",,
Indoors,indoors,indoors,whether or not the image was taken indoors,,
isAttractive,is attractive,is_attractive,arousing interest or pleasure,https://www.merriam-webster.com/dictionary/attractive,"“Attractive,” Merriam-Webster. [Online]. Available: https://www.merriam-webster.com/dictionary/attractive. [Accessed: 09-Nov-2018]."
isHeavyMakeup,is heavy makeup,is_heavy_makeup,the attribute of an application of makeup being of great density,,"“heavy| Definition of wavy in English by Oxford Dictionaries,” Oxford Dictionaries | English. [Online]. Available: https://en.oxforddictionaries.com/definition/heavy. [Accessed: 13-Oct-2018]."
isOcclusionSourceOf,is the occlusion source of,is_the_occlusion_source_of,is the source and/or causes of a specific occlusion on an image of a face,,
isWearing,is wearing,is_wearing,the state of a Person wearing a Wearable object,,
Jaw,jaw,jaw,"section of the face containing the lower, movable bone of the mouth",,
Jaw Shape,jaw shape,jaw_shape,"the angle a person's jaw makes with the side of their face (sharp, smooth)",,
Jewelry,jewelry,jewelry,"personal ornaments, such as necklaces, rings, or bracelets, that are typically made from or contain jewels and precious metal",,"“jewelry| Definition of wavy in English by Oxford Dictionaries,” Oxford Dictionaries | English. [Online]. Available: https://en.oxforddictionaries.com/definition/jewelry. [Accessed: 13-Oct-2018]."
Joint-Bayesian,joint-bayesian,joint_bayesian,a method of machine learning the utilizes Join-Bayesian theory,,"E. Learned-Miller, G. B. Huang, A. RoyChowdhury, H. Li, and G. Hua, “Labeled faces in the wild: A survey,” in Advances in face detection and facial image analysis. Springer, 2016, pp. 189–248."
Labeled Faces in the Wild-a,labeled faces in the wild-a,labeled_faces_in_the_wild_a,"an aligned LFW dataset in greyscale, created using an unpublished commercial face centering software",https://talhassner.github.io/home/projects/lfwa/,"Lior Wolf, Tal Hassner, and Yaniv Taigman, Effective Face Recognition by Combining Multiple Descriptors and Learned Background Statistics, IEEE Trans. on Pattern Analysis and Machine Intelligence (TPAMI), 33(10), Oct. 2011
Lior Wolf, Tal Hassner and Yaniv Taigman, Similarity Scores based on Background Samples, Asian Conference on Computer Vision (ACCV), Xi' an, Sept 2009
Yaniv Taigman, Lior Wolf and Tal Hassner, Multiple One-Shots for Utilizing Class Label Information, The British Machine Vision Conference (BMVC), London, Sept 2009"
Landmark-based methods,landmark-based methods,landmark-based_methods,a method of image feature detection based around identifying landmarks in images,,"E. Learned-Miller, G. B. Huang, A. RoyChowdhury, H. Li, and G. Hua, “Labeled faces in the wild: A survey,” in Advances in face detection and facial image analysis. Springer, 2016, pp. 189–248."
Layer,layer,layer,collection of functions at the same depth within a neural network,,Neural Networks. [Online]. Available: https://www.doc.ic.ac.uk/~nd/surprise_96/journal/vol4/cs11/report.html#What is a Neural Network. [Accessed: 18-Oct-2018].
Lighting Variation,lighting variation,lighting_variation,the lighting characteristics of this image,http://vis-www.cs.umass.edu/lfw/,"E. Learned-Miller, G. B. Huang, A. RoyChowdhury, H. Li, and G. Hua, “Labeled faces in the wild: A survey,” in Advances in face detection and facial image analysis. Springer, 2016, pp. 189–248."
Lighting Variation,lighting variation,lighting_variation,images have differening levels and locations of brightness,,"T. Chen, W. Yin, X. S. Zhou, D. Comaniciu, and T. S. Huang, “Total variation models for variable lighting face recognition,” IEEE transactions on pattern analysis and machine intelligence, vol. 28, no. 9, pp. 1519–1524, 2006."
lio:Image,lio:image,image,Any PictorialElement that is considered to be a complete image,,
lio:PictorialElement,lio:pictorialelement,pictorial_element,"any visual entity; any graphical item, part, or visual property of an image or part of an image, including the image itself",,
Lip Size,lip size,lip_size,the size of the subject's lips,,
Lipstick,lipstick,lipstick,coloured cosmetic applied to the lips from a small solid stick,,"“lipstick| Definition of wavy in English by Oxford Dictionaries,” Oxford Dictionaries | English. [Online]. Available: https://en.oxforddictionaries.com/definition/lipstick. [Accessed: 13-Oct-2018]."
Low Resolution,low resolution,low_resolution,images with a resolution equal to or lower than 220 x 220,,"F. Schroff, D. Kalenichenko, and J. Philbin, “Facenet: A unified embedding for face recognition and clustering,” in Proceedings of the IEEE conference on computer vision and pattern recognition , 2015, pp. 815–823."
Lowerface Occlusion,lowerface occlusion,lowerface_occlusion,obstruction that covers below the nose,,"“lower| Definition of wavy in English by Oxford Dictionaries,” Oxford Dictionaries | English. [Online]. Available: https://en.oxforddictionaries.com/definition/lower. [Accessed: 28-Oct-2018]."
Makeup,makeup,makeup,Cosmetics applied to the face that are used to enhance or alter its appearance,,"“make-up| Definition of wavy in English by Oxford Dictionaries,” Oxford Dictionaries | English. [Online]. Available: https://en.oxforddictionaries.com/definition/make-up. [Accessed: 19-Oct-2018]."
Male,male,male,"categorized as ""male"" by the LFW tags",,
Markov Random Fields,markov random fields,markov_random_fields,a method of machine learning that utilizes Markov Random Fields theory,,"E. Learned-Miller, G. B. Huang, A. RoyChowdhury, H. Li, and G. Hua, “Labeled faces in the wild: A survey,” in Advances in face detection and facial image analysis. Springer, 2016, pp. 189–248."
Masculine,masculine,masculine,having qualities appropriate to or usually associated with a man,https://www.merriam-webster.com/dictionary/masculine,"“Masculine,” Merriam-Webster. [Online]. Available: https://www.merriam-webster.com/dictionary/masculine. [Accessed: 09-Nov-2018]."
Medium,medium,medium,a middle condition or degree,https://www.merriam-webster.com/dictionary/medium,"“Medium,” Merriam-Webster. [Online]. Available: https://www.merriam-webster.com/dictionary/medium. [Accessed: 09-Nov-2018]."
MentalOcclusion,mental occlusion,mental_occlusion,occlusion of the chin,,"“Facial Region,” The Free Dictionary. [Online]. Available: https://medical-dictionary.thefreedictionary.com/facial region. [Accessed: 03-Nov-2018]."
Middle Aged,middle aged,middle_aged,person from age 45 to 64,,"N. Geifman and E. Rubin, “The Age-Phenome Knowledgebase: an example to handling ab-straction and expressiveness in a knowledge domain.”"
Model Accuracy,model accuracy,model_accuracy,percentage of correct results when running the model on a test data set,http://vis-www.cs.umass.edu/lfw/,"E. Learned-Miller, G. B. Huang, A. RoyChowdhury, H. Li, and G. Hua, “Labeled faces in the wild: A survey,” in Advances in face detection and facial image analysis. Springer, 2016, pp. 189–248."
Mole,mole,mole,whether or not the individual in the photo has a facial mole,http://vis-www.cs.umass.edu/lfw/,"E. Learned-Miller, G. B. Huang, A. RoyChowdhury, H. Li, and G. Hua, “Labeled faces in the wild: A survey,” in Advances in face detection and facial image analysis. Springer, 2016, pp. 189–248."
Mouth,mouth,mouth,"opening in the lower part of the human face, surrounded by the lips",,
Mouth Closed,mouth closed,mouth_closed,the subject's mouth is closed,,
Mouth Open State,mouth open state,mouth_open_state,mouth shape,,
Mouth Shape,mouth shape,mouth_shape,the shape of the mouth belonging to the individual in the photo,http://vis-www.cs.umass.edu/lfw/,"E. Learned-Miller, G. B. Huang, A. RoyChowdhury, H. Li, and G. Hua, “Labeled faces in the wild: A survey,” in Advances in face detection and facial image analysis. Springer, 2016, pp. 189–248."
Mouth Slightly Open,mouth slightly open,mouth_slightly_open,the subject's mouth is slightly open,,
Mouth Wide Open,mouth wide open,mouth_wide_open,the subject's mouth is wide open,,
Mustache,mustache,mustache,whether or not the individual in the photo has a mustache,http://vis-www.cs.umass.edu/lfw/,"E. Learned-Miller, G. B. Huang, A. RoyChowdhury, H. Li, and G. Hua, “Labeled faces in the wild: A survey,” in Advances in face detection and facial image analysis. Springer, 2016, pp. 189–248."
Narrow Eyes,narrow eyes,narrow_eyes,the subject's eyes appear narrow,,
NasalOcclusion,nasal occlusion,nasal_occlusion,occlusion of the nose,,"“Facial Region,” The Free Dictionary. [Online]. Available: https://medical-dictionary.thefreedictionary.com/facial region. [Accessed: 03-Nov-2018]."
Necklace,necklace,necklace,"ornamental chain or string of beads, jewels, or links worn round the neck",,"“necklace| Definition of wavy in English by Oxford Dictionaries,” Oxford Dictionaries | English. [Online]. Available: https://en.oxforddictionaries.com/definition/necklace. [Accessed: 13-Oct-2018]."
Necktie,necktie,necktie,"strip of material worn round the collar and tied in a knot at the front with the ends hanging down, typically forming part of a man's smart or formal outfit",,"“tie| Definition of wavy in English by Oxford Dictionaries,” Oxford Dictionaries | English. [Online]. Available: https://en.oxforddictionaries.com/definition/tie. [Accessed: 13-Oct-2018]."
Neural Network,neural network,neural_network,machine learning model that is composed of one or more neural layers where each layer is fully connected to the previous layer,,Neural Networks. [Online]. Available: https://www.doc.ic.ac.uk/~nd/surprise_96/journal/vol4/cs11/report.html#What is a Neural Network. [Accessed: 18-Oct-2018].
No Beard,no beard,no_beard,the absence of growth of hair on the chin and lower cheeks of a man's face,,"“beard | Definition of beard in English by Oxford Dictionaries,” Oxford Dictionaries | English. [Online]. Available: https://en.oxforddictionaries.com/definition/beard. [Accessed: 13-Oct-2018]."
Nose,nose,nose,"part of the face projecting above the mouth on the face of a person or animal, containing the nostrils and used for breathing and smelling",,
Nose Mouth Lines,nose mouth lines,nose_mouth_lines,lines between the mouth and nose,,
Nose Shape,nose shape,nose_shape,the shape of the part of the face that bears the nostrils and covers the anterior part of the nasal cavity,https://www.merriam-webster.com/dictionary/nose,"“Nose,” Merriam-Webster. [Online]. Available: https://www.merriam-webster.com/dictionary/nose. [Accessed: 09-Nov-2018]."
Obstructed Forehead,obstructed forehead,obstructed_forehead,the subject's forehead is obstructed in the photo,,
OccludingWearableThing,wearable,wearable,item that can be worn and is an occlusion source on images of the wearer,,"“wearable| Definition of wavy in English by Oxford Dictionaries,” Oxford Dictionaries | English. [Online]. Available: https://en.oxforddictionaries.com/definition/wearable. [Accessed: 13-Oct-2018]."
Occlusion,occlusion,occlusion,a segment of an image where the depicted enity is blocked from view,,"M. Johnson and A. Savakis, “Fast l 1-eigenfaces for robust face recogntion,” in
Image and Signal Processing Workshop (WNYISPW), 2014 IEEE Western New York. IEEE, 2014, pp. 1–5"
OcularOcclusion,ocular occlusion,ocular_occlusion,occlusion of the eyes,,"“Facial Region,” The Free Dictionary. [Online]. Available: https://medical-dictionary.thefreedictionary.com/facial region. [Accessed: 03-Nov-2018]."
Open,open,open,eyes are not covered by eyelids,https://www.merriam-webster.com/dictionary/open,"“Open,” Merriam-Webster. [Online]. Available: https://www.merriam-webster.com/dictionary/open. [Accessed: 09-Nov-2018]."
OralOcclusion,oral occlusion,oral_occlusion,occlusion of the lips and mouth,,"“Facial Region,” The Free Dictionary. [Online]. Available: https://medical-dictionary.thefreedictionary.com/facial region. [Accessed: 03-Nov-2018]."
Ornament,ornament,ornament,thing used or serving to make something look more attractive but usually having no practical purpose,,"“ornament| Definition of wavy in English by Oxford Dictionaries,” Oxford Dictionaries | English. [Online]. Available: https://en.oxforddictionaries.com/definition/ornament. [Accessed: 19-Oct-2018]."
Outdoors,outdoors,outdoors,whether or not the image was taken outdoors,,
Oval Face,oval face,oval_face,the shape of the subject's face appears oval shaped,,
Pale,pale,pale,has little color,,
Pale Skin,pale skin,pale_skin,skin that is pale as labeled by LFW,,
ParotidOcclusion,parotid occlusion,parotid_occlusion,occlusion of the angle of the jaw,,"“Facial Region,” The Free Dictionary. [Online]. Available: https://medical-dictionary.thefreedictionary.com/facial region. [Accessed: 03-Nov-2018]."
Part Labels,part labels,part_labels,labels used to describe facial features,http://vis-www.cs.umass.edu/lfw/,"E. Learned-Miller, G. B. Huang, A. RoyChowdhury, H. Li, and G. Hua, “Labeled faces in the wild: A survey,” in Advances in face detection and facial image analysis. Springer, 2016, pp. 189–248."
Partially Visible Forehead,partially visible forehead,partially_visible_forehead,the subject's forehead is partially visible in the photo,,
Person,person,person,human being,,
Pointy,pointy,pointy,having a pointy tip or end,,
Pointy Nose,pointy nose,pointy_nose,the node is comes to a rather sharp point,https://www.merriam-webster.com/dictionary/pointy,"“Pointy,” Merriam-Webster. [Online]. Available: https://www.merriam-webster.com/dictionary/pointy. [Accessed: 19-Nov-2018]."
Pooling Layer,pooling layer,pooling_layer,perfroms the max function across the previous layer,,"D. Cornelisse, “An intuitive guide to Convolutional Neural Networks,” freeCodeCamp.org,
24-Apr-2018. [Online]. Available: 
https://medium.freecodecamp.org/an-intuitive-guide-to-convolutional-neural-networks-260c2de0a050.
[Accessed: 18-Oct-2018]. "
Pose,pose,pose,combination of position and orientation,,"“Pose (computer vision),” Wikipedia, 03-Oct-2018. [Online]. Available: https://en.wikipedia.org/wiki/Pose_(computer_vision). [Accessed: 06-Oct-2018]."
Pose Invariance,Pose Invariance,pose_invariance,facial angle and postion do not effect model accuracy,,"C. Ding and D. Tao, “A comprehensive survey on pose-invariant face recognition,” ACM Transactions on intelligent systems and technology (TIST), vol. 7, no. 3, p. 37, 2016"
Pose Variation,pose variation,pose_variation,facial angle and postion change across images,,"M. Johnson and A. Savakis, “Fast l 1-eigenfaces for robust face recogntion,” in Image and Signal Processing Workshop (WNYISPW), 2014 IEEE Western New York. IEEE, 2014, pp. 1–5"
Posed Photo,posed photo,posed_photo,assumes a posture or attitude usually for artistic purposes,https://www.merriam-webster.com/dictionary/pose,"“Pose,” Merriam-Webster. [Online]. Available: https://www.merriam-webster.com/dictionary/pose. [Accessed: 19-Nov-2018]."
Prediction,prediction,prediction,"the act of foretelling on the basis of observation, experience, or scientific reason",https://www.merriam-webster.com/dictionary/prediction,"“Prediction,” Merriam-Webster. [Online]. Available: https://www.merriam-webster.com/dictionary/prediction. [Accessed: 19-Nov-2018]."
prov:Activity,activity,activity,"an activity is something that occurs over a period of time and acts upon or with entities; it may include consuming, processing, transforming, modifying, relocating, using, or generating entities.",,PROV-O: The PROV Ontology. [Online]. Available: https://www.w3.org/TR/prov-o/. [Accessed: 18-Oct-2018]. 
prov:Collection,collection,collection,"a collection is an entity that provides a structure to some constituents, which are themselves entities. These constituents are said to be member of the collections.",,PROV-O: The PROV Ontology. [Online]. Available: https://www.w3.org/TR/prov-o/. [Accessed: 18-Oct-2018]. 
prov:Entity,entity,entity,"an entity is a physical, digital, conceptual, or other kind of thing with some fixed aspects; entities may be real or imaginary. ",,PROV-O: The PROV Ontology. [Online]. Available: https://www.w3.org/TR/prov-o/. [Accessed: 18-Oct-2018]. 
prov:generated,generated,generated,is the completion of production of a new entity by an activity,,PROV-O: The PROV Ontology. [Online]. Available: https://www.w3.org/TR/prov-o/. [Accessed: 18-Oct-2018]. 
prov:hadMember,had member,had_member,links an entity to a collection that it is part of,,PROV-O: The PROV Ontology. [Online]. Available: https://www.w3.org/TR/prov-o/. [Accessed: 18-Oct-2018]. 
prov:used,used,used,the beginning of utilizing an entity by an activity,,PROV-O: The PROV Ontology. [Online]. Available: https://www.w3.org/TR/prov-o/. [Accessed: 18-Oct-2018]. 
prov:value,value,value,provides a value that is a direct representation of an entity,,PROV-O: The PROV Ontology. [Online]. Available: https://www.w3.org/TR/prov-o/. [Accessed: 18-Oct-2018]. 
Receding hairline,receding hairline,receding_hairline,the ceasing of hair growth at the temples and above the forehead,,
Result,result,result,a prediction that links data features to a predicted result,,"“Evaluating ML Models,” Amazon. [Online]. Available: https://docs.aws.amazon.com/machine-learning/latest/dg/evaluating_models.html. [Accessed: 18-Oct-2018]."
Result Set,result set,result_set,collection of predictions generated by a machine learning model during testing,,"“Evaluating ML Models,” Amazon. [Online]. Available: https://docs.aws.amazon.com/machine-learning/latest/dg/evaluating_models.html. [Accessed: 18-Oct-2018]."
RGB Color,rgb color,rgb_color,"a color represented with a three-color model using red, green, and blue light",https://www.merriam-webster.com/dictionary/RGB,"“Rgb,” Merriam-Webster. [Online]. Available: https://www.merriam-webster.com/dictionary/RGB. [Accessed: 19-Nov-2018]."
Rosy Cheek,rosy cheek,rosy_cheek,redness in the cheecks occurring as a result of blood vessels widening near the surface of the skin,https://www.medicalnewstoday.com/articles/322808.php,"J. Fletcher, “Rosy cheeks: Causes and what to do,” Medical News Today. [Online]. Available: https://www.medicalnewstoday.com/articles/322808.php. [Accessed: 19-Nov-2018]."
round face,round face,round_face,the shape of the subject's face appears round,,
Round Jaw,round jaw,round_jaw,The subject is tagged as having a round jaw,,
Senior,senior,senior,person from age 65 and up,,"N. Geifman and E. Rubin, “The Age-Phenome Knowledgebase: an example to handling ab-straction and expressiveness in a knowledge domain.”"
Sharp Image Fidelity,sharp image fidelity,sharp_image_fidelity,high quality image showing little to no signs of visible distortion or information loss,,"D. Silverstein and J. Farrell, “The relationship between image fidelity and image quality,” Proceedings of 3rd IEEE International Conference on Image Processing."
Shiny,shiny,shiny,reflective,,
Shiny Skin,shiny skin,shiny_skin,skin that is shiny as labeled by LFW,,
Sideburn,sideburn,sideburn,strip of hair grown by a man down each side of the face in front of his ears,,"“sideburn| Definition of wavy in English by Oxford Dictionaries,” Oxford Dictionaries | English. [Online]. Available: https://en.oxforddictionaries.com/definition/sideburn. [Accessed: 13-Oct-2018]."
Size,size,size,how large an object is,,
Skin,skin,skin,the external limiting tissue layer of an animal body,https://www.merriam-webster.com/dictionary/skin,"“Skin.” Merriam-Webster, Merriam-Webster, www.merriam-webster.com/dictionary/skin."
Skin Tone,skin tone,skin_tone,color quality or value of skin,https://www.merriam-webster.com/dictionary/tone,"“Tone,” Merriam-Webster. [Online]. Available: https://www.merriam-webster.com/dictionary/tone. [Accessed: 19-Nov-2018]."
Small,small,small,having comparatively little size or slight dimensions,https://www.merriam-webster.com/dictionary/small,"“Small,” Merriam-Webster. [Online]. Available: https://www.merriam-webster.com/dictionary/small. [Accessed: 19-Nov-2018]."
Small Lips,small lips,small_lips,the subject has small lips,,
Smiling,smiling,smiling,the subject's mouth is in the shape of a smile,,
Smiling,mouth expression,mouth_expression,whether a person's mouth is curved upwards or not,,
Soft Lighting Variation,soft lighting variation,soft_lighting_variation,large light source in distant proximity relative to the subject,https://en.wikipedia.org/wiki/Hard_and_soft_light,"“Hard and soft light,” Wikipedia, 04-Nov-2018. [Online]. Available: https://en.wikipedia.org/wiki/Hard_and_soft_light. [Accessed: 19-Nov-2018]."
Square Face,square face,square_face,the shape of the subject's face appears square,,
Straight Hair,straight hair,straight_hair,hair that is not curly or wavy,,"“straight| Definition of wavy in English by Oxford Dictionaries,” Oxford Dictionaries | English. [Online]. Available: https://en.oxforddictionaries.com/definition/straight. [Accessed: 13-Oct-2018]."
Strong Nose Mouth Line,strong nose mouth line,strong_nose_mouth_line,the subject's nose mouth lines are highly visible,,
Sunglasses,sunglasses,sunglasses,glasses tinted to protect the eyes from sunlight or glare,,"“sunglasses| Definition of wavy in English by Oxford Dictionaries,” Oxford Dictionaries | English. [Online]. Available: https://en.oxforddictionaries.com/definition/sunglasses. [Accessed: 19-Oct-2018]."
Teeth Not Visible,teeth not visible,teeth_not_visible,the subject's teeth are not visible,,
Teeth Visibility,teeth visibility,teeth_visibility,whether the subject's teeth are visible in the photo,,
Test Set,test set,test_set,data samples used to provide an unbiased evaluation of a final model,,"10153068920222172, “About Train, Validation and Test Sets in Machine Learning,” Towards Data Science, 06-Dec-2017. [Online]. Available: https://towardsdatascience.com/train-validation-and-test-sets-72cb40cba9e7. [Accessed: 06-Oct-2018]."
Testing,testing,testing,process that evaluates a machine learning model by calculating the predictive accuracy across a test set ,,"“Evaluating ML Models,” Amazon. [Online]. Available: https://docs.aws.amazon.com/machine-learning/latest/dg/evaluating_models.html. [Accessed: 18-Oct-2018]."
Thin Eyebrows,thin eyebrows,thin_eyebrows,eyebrows measuring little in cross section or diameter,https://www.merriam-webster.com/dictionary/thin,"“Thin,” Merriam-Webster. [Online]. Available: https://www.merriam-webster.com/dictionary/thin. [Accessed: 19-Nov-2018]."
Training,training,training,process that uses a machine learning algorithm to find patterns within a training set and captures them as machine learning model,,"“Training ML Models,” Amazon. [Online]. Available: https://docs.aws.amazon.com/machine-learning/latest/dg/training-ml-models.html. [Accessed: 18-Oct-2018]. "
Training Set,training set,training_set,data samples used to fit the model,,"10153068920222172, “About Train, Validation and Test Sets in Machine Learning,” Towards Data Science, 06-Dec-2017. [Online]. Available: https://towardsdatascience.com/train-validation-and-test-sets-72cb40cba9e7. [Accessed: 06-Oct-2018]."
Unrestricted WIth Labeled Outside Data,unrestricted wIth labeled outside data,unrestricted_with_labeled_outside_data,using any dataset with any outside tagged data,"“Results,” LFW : Results. [Online]. Available: http://vis-www.cs.umass.edu/lfw/results.html. [Accessed: 06-Oct-2018].","“Results,” LFW : Results. [Online]. Available: http://vis-www.cs.umass.edu/lfw/results.html. [Accessed: 06-Oct-2018]."
Upperface Occlusion,upperface occlusion,upperface_occlusion,obstruction that covers the face the nose and above,,"“upper| Definition of wavy in English by Oxford Dictionaries,” Oxford Dictionaries | English. [Online]. Available: https://en.oxforddictionaries.com/definition/upper. [Accessed: 28-Oct-2018]."
Validation Set,validation set,validation_set,data samples used to provide an unbiased evaluation of a model fit while tuning model hyperparameters,,"10153068920222172, “About Train, Validation and Test Sets in Machine Learning,” Towards Data Science, 06-Dec-2017. [Online]. Available: https://towardsdatascience.com/train-validation-and-test-sets-72cb40cba9e7. [Accessed: 06-Oct-2018]."
Wavy Hair,wavy hair,wavy_hair,hair that has a form or edge that smoothly curves in and out,,"“wavy | Definition of wavy in English by Oxford Dictionaries,” Oxford Dictionaries | English. [Online]. Available: https://en.oxforddictionaries.com/definition/wavy. [Accessed: 13-Oct-2018]."
Weight Range,weight range,weight_range,"the space or extent included, covered, or used to describe weight",https://www.merriam-webster.com/dictionary/range,"“Range,” Merriam-Webster. [Online]. Available: https://www.merriam-webster.com/dictionary/range. [Accessed: 19-Nov-2018]."
White,white,white,"categorized as ""White"" by the LFW tags",,
Youth,youth,youth,person from age 5 to 17 years old,,"N. Geifman and E. Rubin, “The Age-Phenome Knowledgebase: an example to handling ab-straction and expressiveness in a knowledge domain.”"
ZygomaticOcclusion,zygomatic occlusion,zygomatic_occlusion,occlusion of the cheek bones,,"“Facial Region,” The Free Dictionary. [Online]. Available: https://medical-dictionary.thefreedictionary.com/facial region. [Accessed: 03-Nov-2018]."
